id,title,promoter,categories,city,venue,startDate,endDate,dateNote,priceInfo,ticketUrl,sourceUrl,lastMinuteChangeNote,lastMinuteChangeDate,description,lastVerified
sitges-bears-week-2026,Sitges Bears Week,Bears Sitges,bear|gay,Sitges (Barcelona),Varios locales del pueblo,2026-09-04,2026-09-13,,Consultar web oficial (pases por día y semana),https://bearssitges.org/bears-sitges-week/,https://bearssitges.org/bears-sitges-week/,,,"El mayor evento bear de España, más de 8.000 asistentes de todo el mundo.",2026-09-11
mad-bear-madrid-2026,Mad Bear Madrid,Mad Bear,bear|gay,Madrid,"Ya'sta Club, Bears Bar, El 12 Bar, Thick Bar, Hot Bar, Mad.Daddy Club, Octopus Sauna (Chueca)",2026-12-03,2026-12-09,"Programa oficial marcado como ""en actualización"" en madbear.org — puede variar",Consultar web oficial,https://madbear.org/en/madbear-madrid,https://madbear.org/en/madbear-madrid,,,"Puente de la Constitución/Inmaculada: ruta de bares por la tarde desde las 18h (Bears Bar, El 12, Thick, Hot) y fiestas de madrugada en Ya'sta Club.",2026-09-11
sleazy-madrid-2026-spring,Sleazy Madrid (edición 25 aniversario),Sleazy Madrid,leather|bdsm,Madrid,Varios clubs (Strong The Club y otros),2026-04-29,2026-05-03,,Consultar web oficial / Instagram @sleazymadrid,https://www.instagram.com/sleazymadrid/,https://www.instagram.com/sleazymadrid/,,,"Uno de los mayores eventos leather y fetish de España, con fiestas temáticas cada noche (Morbo y Duro, Odarko, Into the Tank).",2026-09-11
sleazy-madrid-2026-winter,Sleazy Madrid — Edición Invierno,Sleazy Madrid,leather|bdsm,Madrid,Varios clubs,2026-12-04,2026-12-07,"Rango estimado (4 noches, patrón de ediciones previas) — fechas oficiales 2026 aún no anunciadas",Consultar web oficial,https://www.instagram.com/sleazymadrid/,https://www.instagram.com/sleazymadrid/,,,"Edición de invierno del festival Sleazy Madrid, coincide con el mismo puente de diciembre que Mad Bear Madrid.",2026-09-11
morbo-y-duro-julio-2026,Morbo Y Duro — Strong Pride Madrid,Strong The Club,bdsm|leather,Madrid,Strong The Club,2026-07-02,,,Consultar strong.madrid,https://strong.madrid/,https://strong.madrid/,,,"Fiesta fetish mensual, edición especial durante el Pride de Madrid. Solo hombres, dress code estricto (cuero, goma, arnés).",2026-09-11
mr-leather-spain-2026,Mr Leather Spain,The Leathermen Club of Spain,leather,Madrid,Por confirmar,2026-10-30,2026-11-01,,Consultar web oficial,,https://www.gaytravel4u.com/event/madrid-leather-weekend/,,,"Fin de semana leather con la final del concurso Mr Leather LGTBI España, cena de gala y fiesta.",2026-09-11
daddyland-madrid-2026,Daddyland Madrid,Daddyland,daddy|bear|bdsm,Madrid,Zenith Night Club,2026-12-05,,Fecha exacta por confirmar (diciembre 2026),Consultar web oficial,,https://www.gaytravel4u.com/event/daddyland-madrid/,,,"Versión madrileña del evento circuit de EE.UU., con Fetish Boys, Daddies, Pups y Bears.",2026-09-11
nightride-strong-2026-09-11,Nightride,Strong The Club,bdsm|leather,Madrid,Strong The Club,2026-09-11,,Sin dress code obligatorio,Consultar strong.madrid/tickets/viernes/,https://strong.madrid/tickets/viernes/,https://t.me/s/strongtheclub,,,Fiesta nocturna regular de los viernes en Strong The Club (detectada vía su canal de Telegram).,2026-09-11
odarko-strong-2026-09-18,ODARKO — Last Heatwave,Strong The Club,bdsm|leather,Madrid,Strong The Club,2026-09-18,,,Consultar strong.madrid/tickets/odarko,https://strong.madrid/tickets/odarko,https://t.me/s/strongtheclub,,,"Fiesta fetish con dress code específico (cuero, goma, arneses). Detectada vía Telegram, más granular que la web principal.",2026-09-11
